graph_id,status,solve_time_sec,verify_time_sec,total_wall_sec,memory_mb,exit_code,timestamp
1,SAT,0.003725,0.000004,0.01,0,0,2026-09-27T20:59:51Z
2,SAT,0.016090,0.000004,0.02,0,0,2026-09-27T20:59:51Z
3,SAT,0.017970,0.000005,0.02,0,0,2026-09-27T20:59:51Z
4,SAT,4.409683,0.000009,4.41,44,0,2026-09-27T20:59:55Z
5,SAT,0.000570,0.000005,0.01,0,0,2026-09-27T20:59:55Z
6,SAT,0.008613,0.000005,0.01,0,0,2026-09-27T20:59:55Z
7,SAT,0.011129,0.000006,0.01,0,0,2026-09-27T20:59:55Z
8,SAT,14.324135,0.000011,14.33,136,0,2026-09-27T21:00:10Z
9,SAT,0.028512,0.000008,0.03,0,0,2026-09-27T21:00:10Z
10,SAT,0.010552,0.000041,0.01,0,0,2026-09-27T21:00:10Z
11,SAT,0.058712,0.000008,0.06,0,0,2026-09-27T21:00:10Z
12,SAT,600.601975,0.000037,600.61,1888,0,2026-09-27T21:10:10Z
13,SAT,0.016045,0.000047,0.02,0,0,2026-09-27T21:10:10Z
14,SAT,0.004233,0.000016,0.01,0,0,2026-09-27T21:10:10Z
15,SAT,0.016019,0.000047,0.02,0,0,2026-09-27T21:10:10Z
16,SAT,200.907518,0.000048,200.92,1002,0,2026-09-27T21:13:31Z
17,SAT,0.008465,0.000023,0.01,0,0,2026-09-27T21:13:31Z
18,SAT,0.042740,0.000112,0.04,0,0,2026-09-27T21:13:32Z
19,SAT,0.042773,0.000015,0.04,0,0,2026-09-27T21:13:32Z
20,SAT,0.017002,0.000012,0.02,0,0,2026-09-27T21:13:32Z
21,TIMEOUT,1801.04,0.0,1801.04,6339,2,2026-09-27T21:43:33Z
22,SAT,0.055424,0.000015,0.06,0,0,2026-09-27T21:43:33Z
23,SAT,0.070491,0.000024,0.07,0,0,2026-09-27T21:43:33Z
24,SAT,0.027210,0.000014,0.03,0,0,2026-09-27T21:43:33Z
25,SAT,0.003765,0.000044,0.01,0,0,2026-09-27T21:43:33Z
26,SAT,0.003351,0.000013,0.01,0,0,2026-09-27T21:43:33Z
27,SAT,0.010529,0.000023,0.01,0,0,2026-09-27T21:43:33Z
28,SAT,0.006914,0.000013,0.01,0,0,2026-09-27T21:43:33Z
29,MEMOUT,1687.34,0.0,1687.34,7227,3,2026-09-27T22:11:40Z
30,SAT,0.025966,0.000016,0.03,0,0,2026-09-27T22:11:40Z
31,SAT,0.042258,0.000104,0.04,0,0,2026-09-27T22:11:41Z
32,SAT,0.007494,0.000017,0.01,0,0,2026-09-27T22:11:41Z
33,MEMOUT,1547.04,0.0,1547.04,7197,3,2026-09-27T22:37:28Z
34,SAT,0.012029,0.000027,0.01,0,0,2026-09-27T22:37:28Z
35,SAT,0.014662,0.000018,0.02,0,0,2026-09-27T22:37:28Z
36,SAT,0.027328,0.000018,0.03,0,0,2026-09-27T22:37:28Z
37,MEMOUT,1046.94,0.0,1046.94,7175,3,2026-09-27T22:54:55Z
38,SAT,0.010249,0.000018,0.01,0,0,2026-09-27T22:54:55Z
39,SAT,0.016084,0.000074,0.02,0,0,2026-09-27T22:54:55Z
40,SAT,0.034468,0.000021,0.04,0,0,2026-09-27T22:54:55Z
41,MEMOUT,1059.84,0.0,1059.84,7196,3,2026-09-27T23:12:35Z
42,SAT,0.007562,0.000019,0.01,0,0,2026-09-27T23:12:35Z
43,SAT,0.011027,0.000022,0.01,0,0,2026-09-27T23:12:35Z
44,SAT,0.007933,0.000019,0.01,0,0,2026-09-27T23:12:35Z
45,SAT,0.012513,0.000069,0.01,0,0,2026-09-27T23:12:35Z
46,SAT,0.013582,0.000018,0.02,0,0,2026-09-27T23:12:35Z
47,SAT,0.019924,0.000021,0.02,0,0,2026-09-27T23:12:35Z
48,SAT,0.093164,0.000031,0.10,0,0,2026-09-27T23:12:35Z
49,SAT,0.023109,0.000022,0.03,0,0,2026-09-27T23:12:35Z
50,MEMOUT,1148.14,0.0,1148.14,7264,3,2026-09-27T23:31:44Z
51,SAT,0.010045,0.000027,0.01,0,0,2026-09-27T23:31:44Z
52,SAT,0.073743,0.000023,0.08,0,0,2026-09-27T23:31:44Z
53,SAT,0.035584,0.000021,0.04,0,0,2026-09-27T23:31:44Z
54,MEMOUT,1132.14,0.0,1132.14,7171,3,2026-09-27T23:50:36Z
55,SAT,0.083332,0.000026,0.09,0,0,2026-09-27T23:50:36Z
56,SAT,0.044088,0.000024,0.05,0,0,2026-09-27T23:50:36Z
57,SAT,0.072413,0.000023,0.07,0,0,2026-09-27T23:50:36Z
58,MEMOUT,800.74,0.0,800.74,7173,3,2026-09-28T00:03:57Z
59,SAT,0.934081,0.000086,0.95,280,0,2026-09-28T00:03:58Z
60,SAT,0.118877,0.000028,0.12,7,0,2026-09-28T00:03:58Z
61,SAT,0.173273,0.000034,0.18,8,0,2026-09-28T00:03:58Z
62,SAT,0.269733,0.000035,0.27,10,0,2026-09-28T00:03:59Z
63,SAT,0.023754,0.000027,0.03,0,0,2026-09-28T00:03:59Z
64,SAT,0.016525,0.000027,0.02,0,0,2026-09-28T00:03:59Z
65,MEMOUT,1648.54,0.0,1648.54,7198,3,2026-09-28T00:31:27Z
66,SAT,0.009629,0.000026,0.01,0,0,2026-09-28T00:31:27Z
67,SAT,0.054752,0.000043,0.06,0,0,2026-09-28T00:31:27Z
68,SAT,0.008505,0.000026,0.01,0,0,2026-09-28T00:31:27Z
69,SAT,2.945303,0.000055,2.95,34,0,2026-09-28T00:31:30Z
70,SAT,0.009785,0.000026,0.01,0,0,2026-09-28T00:31:30Z
71,SAT,0.155446,0.000033,0.16,8,0,2026-09-28T00:31:31Z
72,SAT,1.382629,0.000103,1.40,423,0,2026-09-28T00:31:32Z
73,SAT,0.026737,0.000027,0.03,0,0,2026-09-28T00:31:32Z
74,SAT,0.006773,0.000038,0.01,0,0,2026-09-28T00:31:32Z
75,SAT,0.163376,0.000036,0.17,7,0,2026-09-28T00:31:32Z
76,SAT,0.485150,0.000043,0.49,10,0,2026-09-28T00:31:33Z
77,SAT,0.037099,0.000030,0.04,0,0,2026-09-28T00:31:33Z
78,SAT,0.567316,0.000055,0.57,12,0,2026-09-28T00:31:33Z
79,SAT,1.562143,0.000111,1.59,466,0,2026-09-28T00:31:35Z
80,SAT,0.017311,0.000030,0.02,0,0,2026-09-28T00:31:35Z
81,MEMOUT,805.44,0.0,805.44,7228,3,2026-09-28T00:45:01Z
82,SAT,0.018562,0.000029,0.02,0,0,2026-09-28T00:45:01Z
83,SAT,0.020371,0.000030,0.02,0,0,2026-09-28T00:45:01Z
84,SAT,1.753775,0.000116,1.78,511,0,2026-09-28T00:45:02Z
85,SAT,0.459021,0.000060,0.46,11,0,2026-09-28T00:45:03Z
86,SAT,0.599498,0.000044,0.60,11,0,2026-09-28T00:45:04Z
87,SAT,0.151797,0.000043,0.15,7,0,2026-09-28T00:45:04Z
88,SAT,0.510021,0.000048,0.51,11,0,2026-09-28T00:45:04Z
89,SAT,0.068471,0.000032,0.07,0,0,2026-09-28T00:45:04Z
90,SAT,1.841566,0.000115,1.87,531,0,2026-09-28T00:45:06Z
91,MEMOUT,806.74,0.0,806.74,7233,3,2026-09-28T00:58:33Z
92,SAT,0.068225,0.000033,0.07,0,0,2026-09-28T00:58:33Z
93,SAT,0.258057,0.000058,0.26,10,0,2026-09-28T00:58:33Z
94,SAT,0.061345,0.000032,0.06,0,0,2026-09-28T00:58:33Z
95,MEMOUT,653.04,0.0,653.04,7220,3,2026-09-28T01:09:26Z
96,SAT,2.141911,0.000125,2.17,610,0,2026-09-28T01:09:29Z
97,SAT,0.041602,0.000034,0.04,0,0,2026-09-28T01:09:29Z
98,SAT,0.076039,0.000032,0.08,0,0,2026-09-28T01:09:29Z
99,SAT,0.120479,0.000060,0.12,8,0,2026-09-28T01:09:29Z
100,SAT,0.061751,0.000034,0.06,0,0,2026-09-28T01:09:29Z
101,MEMOUT,581.04,0.0,581.04,7170,3,2026-09-28T01:19:10Z
102,SAT,0.099869,0.000037,0.10,0,0,2026-09-28T01:19:10Z
103,SAT,0.301718,0.000062,0.30,9,0,2026-09-28T01:19:11Z
104,SAT,0.042323,0.000040,0.04,0,0,2026-09-28T01:19:11Z
105,SAT,0.102560,0.000038,0.10,0,0,2026-09-28T01:19:11Z
106,MEMOUT,597.64,0.0,597.64,7182,3,2026-09-28T01:29:08Z
107,SAT,0.008527,0.000041,0.01,0,0,2026-09-28T01:29:08Z
108,SAT,0.248793,0.000063,0.25,9,0,2026-09-28T01:29:09Z
109,SAT,0.080014,0.000050,0.08,0,0,2026-09-28T01:29:09Z
110,SAT,0.081727,0.000049,0.08,0,0,2026-09-28T01:29:09Z
111,SAT,0.110553,0.000040,0.11,8,0,2026-09-28T01:29:09Z
112,MEMOUT,670.14,0.0,670.14,7235,3,2026-09-28T01:40:19Z
113,SAT,0.032860,0.000036,0.04,0,0,2026-09-28T01:40:19Z
114,SAT,0.102290,0.000042,0.10,0,0,2026-09-28T01:40:19Z
115,SAT,0.815663,0.000063,0.82,12,0,2026-09-28T01:40:20Z
116,SAT,0.108454,0.000042,0.11,0,0,2026-09-28T01:40:20Z
117,SAT,0.975792,0.000057,0.98,14,0,2026-09-28T01:40:21Z
118,MEMOUT,568.24,0.0,568.24,7278,3,2026-09-28T01:49:50Z
119,SAT,0.063362,0.000038,0.07,0,0,2026-09-28T01:49:50Z
120,SAT,1.204279,0.000068,1.21,17,0,2026-09-28T01:49:51Z
121,SAT,0.085013,0.000049,0.09,0,0,2026-09-28T01:49:51Z
122,SAT,0.051076,0.000062,0.05,0,0,2026-09-28T01:49:51Z
123,SAT,0.853547,0.000059,0.86,12,0,2026-09-28T01:49:52Z
124,SAT,0.031262,0.000041,0.03,0,0,2026-09-28T01:49:52Z
125,SAT,0.805994,0.000074,0.81,13,0,2026-09-28T01:49:53Z
126,SAT,1.083667,0.000059,1.09,13,0,2026-09-28T01:49:54Z
127,SAT,0.181114,0.000057,0.18,7,0,2026-09-28T01:49:54Z
128,SAT,4.095865,0.000166,4.15,1151,0,2026-09-28T01:49:58Z
129,MEMOUT,630.34,0.0,630.34,7294,3,2026-09-28T02:00:29Z
130,SAT,0.304212,0.000057,0.31,6,0,2026-09-28T02:00:29Z
131,SAT,0.700388,0.000059,0.70,12,0,2026-09-28T02:00:30Z
132,MEMOUT,912.84,0.0,912.84,7238,3,2026-09-28T02:15:43Z
133,SAT,1.157921,0.000076,1.16,22,0,2026-09-28T02:15:44Z
134,SAT,4.953218,0.000189,5.02,1356,0,2026-09-28T02:15:49Z
135,SAT,0.439145,0.000064,0.44,10,0,2026-09-28T02:15:49Z
136,SAT,0.035633,0.000053,0.04,0,0,2026-09-28T02:15:49Z
137,SAT,0.065733,0.000056,0.07,0,0,2026-09-28T02:15:49Z
138,SAT,0.085945,0.000053,0.09,0,0,2026-09-28T02:15:50Z
139,SAT,1.274318,0.000068,1.28,14,0,2026-09-28T02:15:51Z
140,MEMOUT,711.84,0.0,711.84,7184,3,2026-09-28T02:27:43Z
141,SAT,0.406674,0.000104,0.41,10,0,2026-09-28T02:27:43Z
142,MEMOUT,1324.04,0.0,1324.04,7184,3,2026-09-28T02:49:47Z
143,SAT,0.464454,0.000087,0.47,12,0,2026-09-28T02:49:48Z
144,SAT,0.155083,0.000053,0.16,6,0,2026-09-28T02:49:48Z
145,SAT,0.150078,0.000049,0.15,6,0,2026-09-28T02:49:48Z
146,MEMOUT,860.84,0.0,860.84,7205,3,2026-09-28T03:04:09Z
147,SAT,2.133137,0.000083,2.14,25,0,2026-09-28T03:04:11Z
148,SAT,0.045337,0.000057,0.05,0,0,2026-09-28T03:04:11Z
149,SAT,0.179805,0.000069,0.18,6,0,2026-09-28T03:04:11Z
150,SAT,7.201775,0.000231,7.29,1875,0,2026-09-28T03:04:19Z
151,MEMOUT,1171.74,0.0,1171.74,7188,3,2026-09-28T03:23:50Z
152,SAT,0.529442,0.000078,0.53,12,0,2026-09-28T03:23:51Z
153,SAT,0.255577,0.000075,0.26,8,0,2026-09-28T03:23:51Z
154,SAT,1.655789,0.000089,1.66,17,0,2026-09-28T03:23:53Z
155,MEMOUT,770.94,0.0,770.94,7191,3,2026-09-28T03:36:44Z
156,SAT,39.260461,0.000077,39.26,42,0,2026-09-28T03:37:23Z
157,SAT,1.183395,0.000084,1.19,17,0,2026-09-28T03:37:24Z
158,MEMOUT,737.34,0.0,737.34,7205,3,2026-09-28T03:49:42Z
159,SAT,1.184693,0.000082,1.19,16,0,2026-09-28T03:49:43Z
160,SAT,0.072079,0.000079,0.07,0,0,2026-09-28T03:49:43Z
161,MEMOUT,743.84,0.0,743.84,7172,3,2026-09-28T04:02:07Z
162,SAT,9.634660,0.000263,9.74,2414,0,2026-09-28T04:02:17Z
163,SAT,2.080681,0.000105,2.08,30,0,2026-09-28T04:02:19Z
164,MEMOUT,788.64,0.0,788.64,7200,3,2026-09-28T04:15:27Z
165,SAT,1.561796,0.000091,1.57,22,0,2026-09-28T04:15:29Z
166,MEMOUT,692.24,0.0,692.24,7199,3,2026-09-28T04:27:01Z
167,SAT,4.127194,0.000107,4.13,44,0,2026-09-28T04:27:06Z
168,MEMOUT,728.84,0.0,728.84,7177,3,2026-09-28T04:39:15Z
169,SAT,0.129392,0.000122,0.13,8,0,2026-09-28T04:39:15Z
170,SAT,1.633812,0.000120,1.64,25,0,2026-09-28T04:39:17Z
171,MEMOUT,701.14,0.0,701.14,7175,3,2026-09-28T04:50:58Z
172,SAT,0.249112,0.000089,0.25,6,0,2026-09-28T04:50:58Z
173,SAT,0.250144,0.000091,0.25,6,0,2026-09-28T04:50:58Z
174,SAT,1.734708,0.000113,1.74,22,0,2026-09-28T04:51:00Z
175,SAT,0.298313,0.000101,0.30,7,0,2026-09-28T04:51:01Z
176,MEMOUT,790.84,0.0,790.84,7204,3,2026-09-28T05:04:11Z
177,SAT,0.357833,0.000114,0.36,11,0,2026-09-28T05:04:12Z
178,MEMOUT,533.24,0.0,533.24,7173,3,2026-09-28T05:13:05Z
179,SAT,0.809371,0.000101,0.81,8,0,2026-09-28T05:13:06Z
180,SAT,0.638422,0.000089,0.64,11,0,2026-09-28T05:13:07Z
181,SAT,0.308212,0.000075,0.31,10,0,2026-09-28T05:13:07Z
182,SAT,0.096663,0.000096,0.10,0,0,2026-09-28T05:13:07Z
183,MEMOUT,798.34,0.0,798.34,7252,3,2026-09-28T05:26:25Z
184,SAT,1.926652,0.000119,1.93,25,0,2026-09-28T05:26:27Z
185,MEMOUT,486.04,0.0,486.04,7170,3,2026-09-28T05:34:33Z
186,SAT,3.899485,0.000148,3.90,35,0,2026-09-28T05:34:37Z
187,MEMOUT,507.84,0.0,507.84,7215,3,2026-09-28T05:43:05Z
188,SAT,17.574155,0.000363,17.73,4468,0,2026-09-28T05:43:23Z
189,SAT,2.406141,0.000118,2.41,31,0,2026-09-28T05:43:25Z
190,SAT,0.134952,0.000104,0.14,9,0,2026-09-28T05:43:26Z
191,MEMOUT,565.65,0.0,565.65,7225,3,2026-09-28T05:52:51Z
192,SAT,0.393302,0.000119,0.40,6,0,2026-09-28T05:52:52Z
193,SAT,1.689267,0.000128,1.69,22,0,2026-09-28T05:52:53Z
194,MEMOUT,575.84,0.0,575.84,7199,3,2026-09-28T06:02:29Z
195,SAT,2.664746,0.000137,2.67,34,0,2026-09-28T06:02:32Z
196,SAT,0.333973,0.000113,0.34,8,0,2026-09-28T06:02:32Z
197,SAT,0.085594,0.000105,0.09,0,0,2026-09-28T06:02:32Z
198,SAT,3.446373,0.000133,3.45,36,0,2026-09-28T06:02:36Z
199,SAT,0.378074,0.000110,0.38,6,0,2026-09-28T06:02:36Z
200,SAT,0.365100,0.000133,0.37,6,0,2026-09-28T06:02:37Z
201,SAT,0.240737,0.000091,0.24,9,0,2026-09-28T06:02:37Z
202,MEMOUT,686.84,0.0,686.84,7244,3,2026-09-28T06:14:04Z
203,SAT,0.123002,0.000110,0.13,8,0,2026-09-28T06:14:04Z
204,SAT,1.763312,0.000129,1.77,21,0,2026-09-28T06:14:06Z
205,MEMOUT,855.14,0.0,855.14,7306,3,2026-09-28T06:28:21Z
206,SAT,3.062431,0.000139,3.07,31,0,2026-09-28T06:28:24Z
207,MEMOUT,539.74,0.0,539.74,7226,3,2026-09-28T06:37:24Z
208,SAT,6.146982,0.000134,6.15,55,0,2026-09-28T06:37:30Z
209,MEMOUT,811.84,0.0,811.84,7207,3,2026-09-28T06:51:02Z
210,SAT,7.601968,0.000146,7.61,56,0,2026-09-28T06:51:10Z
211,SAT,0.219310,0.000124,0.22,9,0,2026-09-28T06:51:10Z
212,MEMOUT,618.74,0.0,618.74,7285,3,2026-09-28T07:01:29Z
213,SAT,1.139378,0.000160,1.14,17,0,2026-09-28T07:01:30Z
214,MEMOUT,577.54,0.0,577.54,7169,3,2026-09-28T07:11:07Z
215,SAT,3.765869,0.000140,3.77,32,0,2026-09-28T07:11:11Z
216,SAT,0.398594,0.000124,0.40,8,0,2026-09-28T07:11:12Z
217,MEMOUT,568.54,0.0,568.54,7299,3,2026-09-28T07:20:40Z
218,SAT,4.043898,0.000146,4.05,32,0,2026-09-28T07:20:44Z
219,SAT,0.173416,0.000108,0.18,8,0,2026-09-28T07:20:45Z
220,SAT,0.847500,0.000128,0.85,11,0,2026-09-28T07:20:45Z
221,MEMOUT,586.24,0.0,586.24,7254,3,2026-09-28T07:30:32Z
222,TIMEOUT,1801.04,0.0,1801.04,174,2,2026-09-28T08:00:33Z
223,SAT,0.749177,0.000082,0.75,15,0,2026-09-28T08:00:34Z
224,SAT,0.560078,0.000086,0.56,15,0,2026-09-28T08:00:34Z
225,SAT,2.300267,0.000147,2.30,21,0,2026-09-28T08:00:36Z
226,SAT,0.524573,0.000131,0.53,9,0,2026-09-28T08:00:37Z
227,SAT,0.521027,0.000138,0.52,9,0,2026-09-28T08:00:38Z
228,MEMOUT,1009.84,0.0,1009.84,7319,3,2026-09-28T08:17:27Z
229,SAT,7.498925,0.000155,7.50,65,0,2026-09-28T08:17:35Z
230,MEMOUT,885.54,0.0,885.54,7171,3,2026-09-28T08:32:21Z
231,SAT,7.443576,0.000136,7.45,50,0,2026-09-28T08:32:28Z
232,MEMOUT,684.24,0.0,684.24,7208,3,2026-09-28T08:43:53Z
233,SAT,0.182201,0.000129,0.19,6,0,2026-09-28T08:43:53Z
234,SAT,551.042248,0.000146,551.05,118,0,2026-09-28T08:53:04Z
235,SAT,7.767939,0.000269,7.77,67,0,2026-09-28T08:53:12Z
236,SAT,1.896536,0.000138,1.90,6,0,2026-09-28T08:53:14Z
237,MEMOUT,632.44,0.0,632.44,7262,3,2026-09-28T09:03:46Z
238,SAT,4.606188,0.000158,4.61,33,0,2026-09-28T09:03:51Z
239,MEMOUT,794.94,0.0,794.94,7182,3,2026-09-28T09:17:06Z
240,TIMEOUT,1801.04,0.0,1801.04,206,2,2026-09-28T09:47:07Z
241,SAT,5.097920,0.000161,5.10,56,0,2026-09-28T09:47:12Z
242,SAT,0.472041,0.000140,0.48,8,0,2026-09-28T09:47:13Z
243,MEMOUT,924.04,0.0,924.04,7183,3,2026-09-28T10:02:37Z
244,SAT,0.798497,0.000148,0.80,6,0,2026-09-28T10:02:38Z
245,SAT,10.562295,0.000161,10.57,82,0,2026-09-28T10:02:48Z
246,SAT,0.182402,0.000141,0.19,6,0,2026-09-28T10:02:49Z
247,TIMEOUT,1801.04,0.0,1801.04,223,2,2026-09-28T10:32:50Z
248,MEMOUT,658.54,0.0,658.54,7300,3,2026-09-28T10:43:48Z
249,SAT,8.700108,0.000165,8.71,58,0,2026-09-28T10:43:57Z
250,SAT,0.410473,0.000143,0.41,12,0,2026-09-28T10:43:57Z
251,SAT,0.073892,0.000133,0.08,0,0,2026-09-28T10:43:58Z
252,MEMOUT,729.94,0.0,729.94,7209,3,2026-09-28T10:56:07Z
253,SAT,0.379638,0.000158,0.38,10,0,2026-09-28T10:56:08Z
254,SAT,2.455271,0.000173,2.46,20,0,2026-09-28T10:56:10Z
255,SAT,0.082676,0.000145,0.09,0,0,2026-09-28T10:56:10Z
256,SAT,0.835112,0.000162,0.84,10,0,2026-09-28T10:56:11Z
257,SAT,0.714418,0.000153,0.72,10,0,2026-09-28T10:56:12Z
258,SAT,0.716206,0.000159,0.72,10,0,2026-09-28T10:56:13Z
259,MEMOUT,707.04,0.0,707.04,7178,3,2026-09-28T11:08:00Z
260,SAT,6.242076,0.000159,6.25,58,0,2026-09-28T11:08:06Z
261,SAT,0.289493,0.000151,0.29,10,0,2026-09-28T11:08:06Z
262,MEMOUT,684.84,0.0,684.84,7176,3,2026-09-28T11:19:31Z
263,SAT,0.046778,0.000130,0.05,0,0,2026-09-28T11:19:31Z
264,SAT,0.062113,0.000106,0.07,0,0,2026-09-28T11:19:31Z
265,SAT,4.586552,0.000151,4.59,43,0,2026-09-28T11:19:36Z
266,SAT,7.500273,0.000164,7.50,43,0,2026-09-28T11:19:44Z
267,MEMOUT,780.94,0.0,780.94,7176,3,2026-09-28T11:32:45Z
268,SAT,0.071145,0.000138,0.08,0,0,2026-09-28T11:32:45Z
269,SAT,9.115575,0.000177,9.12,61,0,2026-09-28T11:32:54Z
270,SAT,0.030433,0.000106,0.03,0,0,2026-09-28T11:32:54Z
271,SAT,0.037543,0.000116,0.04,0,0,2026-09-28T11:32:54Z
272,SAT,0.055084,0.000129,0.06,0,0,2026-09-28T11:32:54Z
273,MEMOUT,711.94,0.0,711.94,7174,3,2026-09-28T11:44:46Z
274,SAT,11.135030,0.000172,11.14,77,0,2026-09-28T11:44:57Z
275,SAT,0.549480,0.000158,0.55,8,0,2026-09-28T11:44:58Z
276,MEMOUT,975.54,0.0,975.54,7219,3,2026-09-28T12:01:13Z
277,SAT,0.319297,0.000174,0.32,11,0,2026-09-28T12:01:14Z
278,SAT,1.093958,0.000159,1.10,10,0,2026-09-28T12:01:15Z
279,SAT,6.487981,0.000175,6.49,41,0,2026-09-28T12:01:21Z
280,SAT,97.688380,0.000184,97.69,62,0,2026-09-28T12:02:59Z
281,MEMOUT,1031.24,0.0,1031.24,7203,3,2026-09-28T12:20:10Z
282,SAT,5.980218,0.000180,5.99,45,0,2026-09-28T12:20:16Z
283,MEMOUT,791.94,0.0,791.94,7176,3,2026-09-28T12:33:28Z
284,SAT,0.076625,0.000171,0.08,0,0,2026-09-28T12:33:28Z
285,SAT,4.003374,0.000183,4.01,36,0,2026-09-28T12:33:32Z
286,SAT,0.562638,0.000170,0.57,12,0,2026-09-28T12:33:33Z
287,SAT,0.911229,0.000189,0.92,11,0,2026-09-28T12:33:34Z
288,MEMOUT,586.34,0.0,586.34,7169,3,2026-09-28T12:43:20Z
289,SAT,0.084067,0.000168,0.09,0,0,2026-09-28T12:43:20Z
290,SAT,0.487739,0.000168,0.49,11,0,2026-09-28T12:43:21Z
291,SAT,14.385633,0.000188,14.39,111,0,2026-09-28T12:43:35Z
292,SAT,0.284330,0.000177,0.29,9,0,2026-09-28T12:43:36Z
293,MEMOUT,876.24,0.0,876.24,7193,3,2026-09-28T12:58:12Z
294,SAT,0.917639,0.000212,0.92,11,0,2026-09-28T12:58:13Z
295,SAT,0.917953,0.000214,0.92,11,0,2026-09-28T12:58:14Z
296,SAT,2.166708,0.000201,2.17,17,0,2026-09-28T12:58:16Z
297,SAT,0.467365,0.000179,0.47,11,0,2026-09-28T12:58:16Z
298,SAT,0.515518,0.000193,0.52,12,0,2026-09-28T12:58:17Z
299,MEMOUT,731.64,0.0,731.64,7172,3,2026-09-28T13:10:29Z
300,SAT,0.512894,0.000198,0.52,12,0,2026-09-28T13:10:29Z
301,SAT,1.376511,0.000183,1.38,11,0,2026-09-28T13:10:31Z
302,SAT,4.967057,0.000211,4.97,33,0,2026-09-28T13:10:36Z
303,SAT,8.833381,0.000196,8.84,57,0,2026-09-28T13:10:44Z
304,MEMOUT,619.14,0.0,619.14,7204,3,2026-09-28T13:21:04Z
305,SAT,14.558514,0.000228,14.57,82,0,2026-09-28T13:21:18Z
306,SAT,0.375259,0.000179,0.38,11,0,2026-09-28T13:21:19Z
307,SAT,0.548825,0.000186,0.55,8,0,2026-09-28T13:21:19Z
308,SAT,0.808910,0.000216,0.81,8,0,2026-09-28T13:21:20Z
309,SAT,0.755137,0.000210,0.76,8,0,2026-09-28T13:21:21Z
310,SAT,0.748007,0.000187,0.75,8,0,2026-09-28T13:21:21Z
311,MEMOUT,745.94,0.0,745.94,7170,3,2026-09-28T13:33:47Z
312,SAT,8.180027,0.000238,8.19,49,0,2026-09-28T13:33:56Z
313,MEMOUT,590.34,0.0,590.34,7175,3,2026-09-28T13:43:46Z
314,SAT,14.496932,0.000223,14.50,84,0,2026-09-28T13:44:01Z
315,SAT,0.053331,0.000197,0.06,0,0,2026-09-28T13:44:01Z
316,TIMEOUT,1801.04,0.0,1801.04,211,2,2026-09-28T14:14:02Z
317,MEMOUT,921.14,0.0,921.14,7193,3,2026-09-28T14:29:23Z
318,SAT,9.603720,0.000224,9.61,65,0,2026-09-28T14:29:32Z
319,TIMEOUT,1801.04,0.0,1801.04,189,2,2026-09-28T14:59:34Z
320,SAT,0.964032,0.000212,0.97,10,0,2026-09-28T14:59:35Z
321,SAT,7.821346,0.000204,7.83,43,0,2026-09-28T14:59:42Z
322,MEMOUT,647.64,0.0,647.64,7197,3,2026-09-28T15:10:30Z
323,SAT,0.057395,0.000183,0.06,0,0,2026-09-28T15:10:30Z
324,SAT,0.324896,0.000194,0.33,11,0,2026-09-28T15:10:30Z
325,SAT,0.274676,0.000130,0.28,11,0,2026-09-28T15:10:31Z
326,SAT,7.552207,0.000228,7.56,64,0,2026-09-28T15:10:38Z
327,MEMOUT,671.54,0.0,671.54,7175,3,2026-09-28T15:21:50Z
328,SAT,1.460779,0.000202,1.47,7,0,2026-09-28T15:21:51Z
329,SAT,11.249616,0.000222,11.26,67,0,2026-09-28T15:22:03Z
330,SAT,4.879881,0.000196,4.88,7,0,2026-09-28T15:22:08Z
331,SAT,0.078169,0.000178,0.08,0,0,2026-09-28T15:22:08Z
332,MEMOUT,617.14,0.0,617.14,7207,3,2026-09-28T15:32:25Z
333,SAT,1118.667015,0.000219,1118.67,168,0,2026-09-28T15:51:04Z
334,SAT,4.392041,0.000226,4.40,35,0,2026-09-28T15:51:08Z
335,SAT,1.171299,0.000200,1.18,7,0,2026-09-28T15:51:09Z
336,SAT,1.160838,0.000214,1.17,7,0,2026-09-28T15:51:10Z
337,SAT,1.128427,0.000221,1.13,11,0,2026-09-28T15:51:11Z
338,SAT,1.286256,0.000191,1.29,11,0,2026-09-28T15:51:13Z
339,MEMOUT,770.34,0.0,770.34,7289,3,2026-09-28T16:04:03Z
340,SAT,0.063203,0.000177,0.07,0,0,2026-09-28T16:04:03Z
341,SAT,16.432764,0.000233,16.44,80,0,2026-09-28T16:04:20Z
342,SAT,0.263451,0.000202,0.27,6,0,2026-09-28T16:04:20Z
343,SAT,0.330804,0.000120,0.34,28,0,2026-09-28T16:04:20Z
344,SAT,1.332387,0.000211,1.34,11,0,2026-09-28T16:04:22Z
345,SAT,0.545388,0.000193,0.55,8,0,2026-09-28T16:04:22Z
346,MEMOUT,560.14,0.0,560.14,7185,3,2026-09-28T16:13:42Z
347,SAT,5.521743,0.000232,5.53,42,0,2026-09-28T16:13:48Z
348,MEMOUT,524.34,0.0,524.34,7173,3,2026-09-28T16:22:32Z
349,SAT,5.816969,0.000233,5.82,38,0,2026-09-28T16:22:38Z
350,MEMOUT,595.54,0.0,595.54,7197,3,2026-09-28T16:32:34Z
351,SAT,1.306499,0.000225,1.31,11,0,2026-09-28T16:32:35Z
352,SAT,13.666080,0.000258,13.67,97,0,2026-09-28T16:32:49Z
353,SAT,0.553519,0.000238,0.56,12,0,2026-09-28T16:32:49Z
354,SAT,1.047710,0.000206,1.05,10,0,2026-09-28T16:32:50Z
355,MEMOUT,601.84,0.0,601.84,7173,3,2026-09-28T16:42:52Z
356,SAT,10.243465,0.000245,10.25,70,0,2026-09-28T16:43:03Z
357,MEMOUT,662.04,0.0,662.04,7205,3,2026-09-28T16:54:05Z
358,SAT,0.278857,0.000147,0.28,11,0,2026-09-28T16:54:05Z
359,SAT,38.605883,0.000254,38.61,168,0,2026-09-28T16:54:44Z
360,MEMOUT,805.64,0.0,805.64,7279,3,2026-09-28T17:08:09Z
361,SAT,0.067302,0.000205,0.07,0,0,2026-09-28T17:08:09Z
362,SAT,1.678525,0.000215,1.68,11,0,2026-09-28T17:08:11Z
363,SAT,1.526773,0.000221,1.53,11,0,2026-09-28T17:08:13Z
364,SAT,0.086602,0.000204,0.09,0,0,2026-09-28T17:08:13Z
365,SAT,27.787786,0.000250,27.79,104,0,2026-09-28T17:08:40Z
366,MEMOUT,641.84,0.0,641.84,7219,3,2026-09-28T17:19:22Z
367,SAT,0.330087,0.000220,0.33,10,0,2026-09-28T17:19:23Z
368,SAT,28.532795,0.000274,28.54,167,0,2026-09-28T17:19:51Z
369,SAT,1.541209,0.000258,1.55,12,0,2026-09-28T17:19:53Z
370,SAT,1.590532,0.000244,1.60,9,0,2026-09-28T17:19:54Z
371,MEMOUT,888.74,0.0,888.74,7192,3,2026-09-28T17:34:43Z
372,SAT,0.633772,0.000214,0.64,8,0,2026-09-28T17:34:44Z
373,SAT,17.211887,0.000258,17.22,97,0,2026-09-28T17:35:01Z
374,MEMOUT,857.14,0.0,857.14,7274,3,2026-09-28T17:49:18Z
375,SAT,1.665599,0.000216,1.67,12,0,2026-09-28T17:49:20Z
376,SAT,1.577077,0.000212,1.58,11,0,2026-09-28T17:49:22Z
377,SAT,1.889039,0.000219,1.89,11,0,2026-09-28T17:49:23Z
378,SAT,8.712809,0.000280,8.72,48,0,2026-09-28T17:49:32Z
379,SAT,6.354574,0.000244,6.36,58,0,2026-09-28T17:49:39Z
380,MEMOUT,742.34,0.0,742.34,7241,3,2026-09-28T18:02:01Z
381,SAT,22.636240,0.000280,22.64,140,0,2026-09-28T18:02:24Z
382,SAT,0.359171,0.000245,0.36,10,0,2026-09-28T18:02:24Z
383,SAT,0.401075,0.000141,0.41,37,0,2026-09-28T18:02:24Z
384,SAT,0.863744,0.000259,0.87,12,0,2026-09-28T18:02:25Z
385,SAT,1.089380,0.000223,1.09,10,0,2026-09-28T18:02:26Z
386,SAT,25.034544,0.000239,25.04,301,0,2026-09-28T18:02:52Z
387,SAT,15.750440,0.000253,15.76,106,0,2026-09-28T18:03:07Z
388,SAT,0.099936,0.000218,0.11,0,0,2026-09-28T18:03:07Z
389,MEMOUT,486.04,0.0,486.04,7194,3,2026-09-28T18:11:13Z
390,SAT,25.487066,0.000260,25.49,165,0,2026-09-28T18:11:39Z
391,SAT,1.994957,0.000224,2.00,11,0,2026-09-28T18:11:41Z
392,SAT,1.511905,0.000143,1.52,24,0,2026-09-28T18:11:43Z
393,MEMOUT,606.94,0.0,606.94,7177,3,2026-09-28T18:21:50Z
394,SAT,19.516499,0.000263,19.52,131,0,2026-09-28T18:22:09Z
395,SAT,0.484788,0.000249,0.49,12,0,2026-09-28T18:22:10Z
396,MEMOUT,622.54,0.0,622.54,7226,3,2026-09-28T18:32:32Z
397,SAT,1.801976,0.000234,1.81,11,0,2026-09-28T18:32:34Z
398,SAT,10.901117,0.000264,10.91,76,0,2026-09-28T18:32:45Z
399,MEMOUT,641.84,0.0,641.84,7172,3,2026-09-28T18:43:27Z
400,SAT,0.690943,0.000220,0.70,9,0,2026-09-28T18:43:27Z
401,SAT,1.035384,0.000227,1.04,8,0,2026-09-28T18:43:29Z
402,SAT,1.181547,0.000251,1.19,14,0,2026-09-28T18:43:30Z
403,SAT,8.849103,0.000239,8.86,63,0,2026-09-28T18:43:39Z
404,SAT,25.513400,0.000293,25.52,165,0,2026-09-28T18:44:04Z
405,SAT,9.226210,0.000267,9.23,67,0,2026-09-28T18:44:13Z
406,SAT,1.892199,0.000253,1.90,13,0,2026-09-28T18:44:15Z
407,SAT,1.875344,0.000236,1.88,14,0,2026-09-28T18:44:17Z
408,MEMOUT,637.44,0.0,637.44,7236,3,2026-09-28T18:54:55Z
409,SAT,3.923960,0.000249,3.93,10,0,2026-09-28T18:54:59Z
410,SAT,41.840494,0.000271,41.85,212,0,2026-09-28T18:55:41Z
411,MEMOUT,697.94,0.0,697.94,7257,3,2026-09-28T19:07:18Z
412,SAT,1.128623,0.000273,1.13,15,0,2026-09-28T19:07:20Z
413,SAT,0.397783,0.000239,0.40,6,0,2026-09-28T19:07:20Z
414,SAT,1.422252,0.000232,1.43,11,0,2026-09-28T19:07:21Z
415,SAT,5.648925,0.000279,5.65,32,0,2026-09-28T19:07:27Z
416,SAT,0.092733,0.000213,0.10,0,0,2026-09-28T19:07:27Z
417,MEMOUT,757.14,0.0,757.14,7178,3,2026-09-28T19:20:04Z
418,SAT,1.010723,0.000274,1.02,14,0,2026-09-28T19:20:05Z
419,SAT,37.631146,0.000253,37.64,123,0,2026-09-28T19:20:43Z
420,SAT,9.160244,0.000263,9.17,69,0,2026-09-28T19:20:52Z
421,SAT,2.455477,0.000259,2.46,16,0,2026-09-28T19:20:55Z
422,SAT,35.866630,0.000249,35.87,106,0,2026-09-28T19:21:31Z
423,MEMOUT,493.74,0.0,493.74,7188,3,2026-09-28T19:29:44Z
424,SAT,42.367008,0.000246,42.38,91,0,2026-09-28T19:30:27Z
425,SAT,2.260270,0.000251,2.26,12,0,2026-09-28T19:30:29Z
426,SAT,0.492965,0.000153,0.50,52,0,2026-09-28T19:30:30Z
427,MEMOUT,884.44,0.0,884.44,7173,3,2026-09-28T19:45:14Z
428,SAT,0.111506,0.000179,0.12,12,0,2026-09-28T19:45:14Z
429,SAT,1.293337,0.000253,1.30,15,0,2026-09-28T19:45:16Z
430,SAT,0.425878,0.000249,0.43,12,0,2026-09-28T19:45:16Z
431,SAT,0.511651,0.000157,0.52,35,0,2026-09-28T19:45:17Z
432,SAT,0.559754,0.000155,0.57,36,0,2026-09-28T19:45:17Z
433,SAT,1.093349,0.000268,1.10,15,0,2026-09-28T19:45:18Z
434,MEMOUT,524.84,0.0,524.84,7300,3,2026-09-28T19:54:03Z
435,SAT,2.164425,0.000254,2.17,11,0,2026-09-28T19:54:05Z
436,SAT,0.970613,0.000238,0.97,15,0,2026-09-28T19:54:06Z
437,SAT,2.293061,0.000220,2.30,11,0,2026-09-28T19:54:09Z
438,MEMOUT,592.24,0.0,592.24,7264,3,2026-09-28T20:04:01Z
439,SAT,0.640195,0.000235,0.64,9,0,2026-09-28T20:04:02Z
440,SAT,7.733832,0.000260,7.74,13,0,2026-09-28T20:04:09Z
441,SAT,0.215069,0.000185,0.22,27,0,2026-09-28T20:04:10Z
442,SAT,0.407299,0.000164,0.41,38,0,2026-09-28T20:04:10Z
443,SAT,2.064882,0.000239,2.07,11,0,2026-09-28T20:04:12Z
444,SAT,14.147357,0.000247,14.15,79,0,2026-09-28T20:04:26Z
445,MEMOUT,469.55,0.0,469.55,7199,3,2026-09-28T20:12:16Z
446,SAT,39.591969,0.000252,39.60,140,0,2026-09-28T20:12:55Z
447,SAT,218.186558,0.000337,218.19,140,0,2026-09-28T20:16:34Z
448,SAT,1.901850,0.000259,1.91,11,0,2026-09-28T20:16:36Z
449,SAT,0.475447,0.000258,0.48,8,0,2026-09-28T20:16:36Z
450,MEMOUT,807.04,0.0,807.04,7283,3,2026-09-28T20:30:03Z
451,SAT,2.380694,0.000289,2.39,15,0,2026-09-28T20:30:06Z
452,SAT,2.551081,0.000285,2.56,17,0,2026-09-28T20:30:08Z
453,SAT,1.519833,0.000253,1.52,11,0,2026-09-28T20:30:10Z
454,SAT,66.483971,0.000312,66.49,283,0,2026-09-28T20:31:16Z
455,MEMOUT,727.54,0.0,727.54,7258,3,2026-09-28T20:43:24Z
456,SAT,0.120490,0.000266,0.13,42,0,2026-09-28T20:43:24Z
457,SAT,12.701547,0.000328,12.71,66,0,2026-09-28T20:43:37Z
458,MEMOUT,663.44,0.0,663.44,7243,3,2026-09-28T20:54:40Z
459,SAT,0.587418,0.000176,0.59,37,0,2026-09-28T20:54:41Z
460,SAT,13.145337,0.000280,13.15,81,0,2026-09-28T20:54:54Z
461,MEMOUT,842.95,0.0,842.95,7202,3,2026-09-28T21:08:57Z
462,SAT,0.624505,0.000297,0.63,13,0,2026-09-28T21:08:58Z
463,SAT,2.344758,0.000255,2.35,11,0,2026-09-28T21:09:00Z
464,MEMOUT,508.94,0.0,508.94,7202,3,2026-09-28T21:17:29Z
465,MEMOUT,592.74,0.0,592.74,7303,3,2026-09-28T21:27:22Z
466,SAT,0.793238,0.000276,0.80,9,0,2026-09-28T21:27:22Z
467,SAT,1.389935,0.000266,1.39,9,0,2026-09-28T21:27:24Z
468,MEMOUT,620.85,0.0,620.85,7234,3,2026-09-28T21:37:45Z
469,SAT,0.513391,0.000294,0.52,12,0,2026-09-28T21:37:45Z
470,SAT,1.847873,0.000275,1.85,17,0,2026-09-28T21:37:47Z
471,SAT,0.507250,0.000184,0.51,48,0,2026-09-28T21:37:48Z
472,MEMOUT,952.74,0.0,952.74,7207,3,2026-09-28T21:53:40Z
473,SAT,2.200506,0.000278,2.21,11,0,2026-09-28T21:53:43Z
474,SAT,0.467477,0.000234,0.47,15,0,2026-09-28T21:53:43Z
475,SAT,1.791125,0.000264,1.80,11,0,2026-09-28T21:53:45Z
476,SAT,44.472819,0.000282,44.48,115,0,2026-09-28T21:54:30Z
477,SAT,7.037069,0.000333,7.04,44,0,2026-09-28T21:54:37Z
478,MEMOUT,704.64,0.0,704.64,7236,3,2026-09-28T22:06:21Z
479,SAT,12.994784,0.000223,13.00,45,0,2026-09-28T22:06:34Z
480,SAT,0.258167,0.000333,0.26,65,0,2026-09-28T22:06:35Z
481,SAT,14.526517,0.000283,14.54,77,0,2026-09-28T22:06:49Z
482,SAT,18.502320,0.000282,18.51,102,0,2026-09-28T22:07:08Z
483,SAT,2.899084,0.000280,2.90,17,0,2026-09-28T22:07:11Z
484,SAT,2.896388,0.000294,2.90,18,0,2026-09-28T22:07:14Z
485,SAT,3.601605,0.000315,3.61,12,0,2026-09-28T22:07:18Z
486,MEMOUT,691.24,0.0,691.24,7299,3,2026-09-28T22:18:49Z
487,SAT,2.085420,0.000263,2.09,11,0,2026-09-28T22:18:51Z
488,SAT,0.605267,0.000290,0.61,6,0,2026-09-28T22:18:52Z
489,MEMOUT,584.54,0.0,584.54,7268,3,2026-09-28T22:28:36Z
490,SAT,0.780457,0.000190,0.79,49,0,2026-09-28T22:28:37Z
491,MEMOUT,834.34,0.0,834.34,7173,3,2026-09-28T22:42:31Z
492,SAT,0.398792,0.000268,0.40,15,0,2026-09-28T22:42:32Z
493,SAT,37.811099,0.000288,37.82,66,0,2026-09-28T22:43:10Z
494,MEMOUT,779.14,0.0,779.14,7284,3,2026-09-28T22:56:09Z
495,SAT,0.937300,0.000282,0.94,9,0,2026-09-28T22:56:10Z
496,MEMOUT,603.94,0.0,603.94,7174,3,2026-09-28T23:06:14Z
497,SAT,0.890593,0.000330,0.90,14,0,2026-09-28T23:06:15Z
498,SAT,2.078295,0.000335,2.08,19,0,2026-09-28T23:06:17Z
499,SAT,1.038253,0.000320,1.04,11,0,2026-09-28T23:06:18Z
500,SAT,14.452944,0.000290,14.46,98,0,2026-09-28T23:06:32Z
501,MEMOUT,676.44,0.0,676.44,7261,3,2026-09-28T23:17:49Z
502,SAT,0.028162,0.000191,0.03,0,0,2026-09-28T23:17:49Z
503,SAT,17.239297,0.000307,17.25,97,0,2026-09-28T23:18:06Z
504,MEMOUT,552.54,0.0,552.54,7298,3,2026-09-28T23:27:19Z
505,SAT,0.655106,0.000185,0.66,53,0,2026-09-28T23:27:20Z
506,MEMOUT,786.34,0.0,786.34,7208,3,2026-09-28T23:40:26Z
507,SAT,0.639756,0.000328,0.65,12,0,2026-09-28T23:40:27Z
508,SAT,3.379731,0.000341,3.39,18,0,2026-09-28T23:40:30Z
509,SAT,3.458454,0.000345,3.46,20,0,2026-09-28T23:40:34Z
510,SAT,19.247106,0.000311,19.26,101,0,2026-09-28T23:40:53Z
511,MEMOUT,777.35,0.0,777.35,7170,3,2026-09-28T23:53:50Z
512,SAT,2.848464,0.000277,2.85,11,0,2026-09-28T23:53:53Z
513,SAT,4.007428,0.000337,4.01,17,0,2026-09-28T23:53:57Z
514,MEMOUT,691.74,0.0,691.74,7171,3,2026-09-29T00:05:29Z
515,MEMOUT,967.44,0.0,967.44,7190,3,2026-09-29T00:21:37Z
516,SAT,0.843569,0.000276,0.85,9,0,2026-09-29T00:21:37Z
517,SAT,0.145680,0.000265,0.15,15,0,2026-09-29T00:21:38Z
518,SAT,16.128559,0.000333,16.14,112,0,2026-09-29T00:21:54Z
519,SAT,1.738292,0.000334,1.74,16,0,2026-09-29T00:21:55Z
520,SAT,2.745708,0.000276,2.75,12,0,2026-09-29T00:21:58Z
521,SAT,1.240294,0.000332,1.25,19,0,2026-09-29T00:22:00Z
522,MEMOUT,596.24,0.0,596.24,7192,3,2026-09-29T00:31:56Z
523,SAT,0.583141,0.000210,0.59,44,0,2026-09-29T00:31:56Z
524,MEMOUT,666.64,0.0,666.64,7198,3,2026-09-29T00:43:03Z
525,SAT,0.199175,0.000314,0.21,79,0,2026-09-29T00:43:03Z
526,MEMOUT,724.04,0.0,724.04,7208,3,2026-09-29T00:55:07Z
527,SAT,0.546426,0.000202,0.55,61,0,2026-09-29T00:55:08Z
528,SAT,6.368581,0.000307,6.38,75,0,2026-09-29T00:55:14Z
529,MEMOUT,763.94,0.0,763.94,7192,3,2026-09-29T01:07:58Z
530,SAT,1.115658,0.000351,1.12,16,0,2026-09-29T01:07:59Z
531,SAT,19.432612,0.000343,19.44,109,0,2026-09-29T01:08:19Z
532,MEMOUT,700.44,0.0,700.44,7192,3,2026-09-29T01:19:59Z
533,SAT,1.632877,0.000342,1.64,13,0,2026-09-29T01:20:01Z
534,SAT,0.970685,0.000337,0.98,9,0,2026-09-29T01:20:02Z
535,SAT,15.392581,0.000326,15.40,101,0,2026-09-29T01:20:17Z
536,SAT,3.880438,0.000348,3.89,23,0,2026-09-29T01:20:21Z
537,SAT,3.875607,0.000347,3.88,23,0,2026-09-29T01:20:25Z
538,MEMOUT,640.74,0.0,640.74,7195,3,2026-09-29T01:31:06Z
539,SAT,16.653224,0.000355,16.66,16,0,2026-09-29T01:31:23Z
540,SAT,0.587461,0.000222,0.59,60,0,2026-09-29T01:31:23Z
541,SAT,0.612269,0.000203,0.62,59,0,2026-09-29T01:31:24Z
542,MEMOUT,730.84,0.0,730.84,7189,3,2026-09-29T01:43:35Z
543,SAT,0.945800,0.000321,0.95,9,0,2026-09-29T01:43:36Z
544,SAT,22.588514,0.000309,22.60,107,0,2026-09-29T01:43:58Z
545,SAT,3.878918,0.000342,3.88,27,0,2026-09-29T01:44:02Z
546,SAT,0.910826,0.000355,0.92,14,0,2026-09-29T01:44:03Z
547,MEMOUT,652.94,0.0,652.94,7194,3,2026-09-29T01:54:56Z
548,SAT,20.260381,0.000329,20.27,91,0,2026-09-29T01:55:16Z
549,SAT,2.813484,0.000345,2.82,12,0,2026-09-29T01:55:19Z
550,SAT,1.948416,0.000376,1.95,17,0,2026-09-29T01:55:21Z
551,SAT,0.735808,0.000199,0.74,70,0,2026-09-29T01:55:22Z
552,MEMOUT,643.24,0.0,643.24,7196,3,2026-09-29T02:06:05Z
553,SAT,62.798423,0.000335,62.80,64,0,2026-09-29T02:07:08Z
554,SAT,1.183933,0.000220,1.19,53,0,2026-09-29T02:07:10Z
555,SAT,39.786501,0.000356,39.79,60,0,2026-09-29T02:07:50Z
556,SAT,40.161509,0.000367,40.17,180,0,2026-09-29T02:08:30Z
557,MEMOUT,824.64,0.0,824.64,7199,3,2026-09-29T02:22:15Z
558,SAT,1.360773,0.000381,1.37,19,0,2026-09-29T02:22:16Z
559,MEMOUT,724.54,0.0,724.54,7192,3,2026-09-29T02:34:20Z
560,SAT,67.843895,0.000258,67.86,171,0,2026-09-29T02:35:28Z
561,SAT,64.621783,0.000226,64.63,188,0,2026-09-29T02:36:33Z
562,SAT,45.439050,0.000221,45.45,155,0,2026-09-29T02:37:18Z
563,SAT,3.529002,0.000308,3.53,11,0,2026-09-29T02:37:22Z
564,SAT,53.138391,0.000365,53.15,172,0,2026-09-29T02:38:15Z
565,SAT,0.930381,0.000213,0.94,47,0,2026-09-29T02:38:16Z
566,SAT,7.921997,0.000361,7.93,16,0,2026-09-29T02:38:24Z
567,SAT,2.682851,0.000371,2.69,11,0,2026-09-29T02:38:27Z
568,MEMOUT,679.04,0.0,679.04,7168,3,2026-09-29T02:49:46Z
569,SAT,23.896702,0.000314,23.91,95,0,2026-09-29T02:50:10Z
570,SAT,6.675966,0.000370,6.68,41,0,2026-09-29T02:50:17Z
571,TIMEOUT,1801.04,0.0,1801.04,252,2,2026-09-29T03:20:18Z
572,MEMOUT,668.74,0.0,668.74,7210,3,2026-09-29T03:31:26Z
573,SAT,10.630290,0.000352,10.64,64,0,2026-09-29T03:31:37Z
574,SAT,2.018752,0.000346,2.02,13,0,2026-09-29T03:31:39Z
575,SAT,3.066264,0.000395,3.07,18,0,2026-09-29T03:31:42Z
576,MEMOUT,904.84,0.0,904.84,7210,3,2026-09-29T03:46:47Z
577,SAT,1.430620,0.000374,1.44,18,0,2026-09-29T03:46:49Z
578,SAT,4.617535,0.000361,4.62,26,0,2026-09-29T03:46:53Z
579,SAT,5.245239,0.000347,5.25,31,0,2026-09-29T03:46:58Z
580,SAT,1.017651,0.000335,1.02,9,0,2026-09-29T03:47:00Z
581,SAT,0.151828,0.000314,0.16,15,0,2026-09-29T03:47:00Z
582,MEMOUT,631.04,0.0,631.04,7174,3,2026-09-29T03:57:31Z
583,SAT,19.927206,0.000339,19.94,121,0,2026-09-29T03:57:51Z
584,SAT,54.846419,0.000234,54.86,174,0,2026-09-29T03:58:46Z
585,SAT,91.458316,0.000236,91.47,186,0,2026-09-29T04:00:18Z
586,MEMOUT,760.34,0.0,760.34,7194,3,2026-09-29T04:12:58Z
587,SAT,343.980038,0.000424,343.99,203,0,2026-09-29T04:18:42Z
588,SAT,64.274599,0.000396,64.28,103,0,2026-09-29T04:19:46Z
589,SAT,2.764426,0.000362,2.77,19,0,2026-09-29T04:19:49Z
590,SAT,1.904732,0.000366,1.91,11,0,2026-09-29T04:19:51Z
591,SAT,21.208092,0.000332,21.22,130,0,2026-09-29T04:20:12Z
592,SAT,3.512499,0.000378,3.52,13,0,2026-09-29T04:20:16Z
593,SAT,0.212437,0.000377,0.22,63,0,2026-09-29T04:20:16Z
594,MEMOUT,825.94,0.0,825.94,7175,3,2026-09-29T04:34:02Z
595,SAT,13.332751,0.000382,13.34,18,0,2026-09-29T04:34:15Z
596,SAT,26.050597,0.000307,26.06,150,0,2026-09-29T04:34:41Z
597,SAT,1.138770,0.000390,1.14,15,0,2026-09-29T04:34:43Z
598,SAT,5.675764,0.000382,5.68,38,0,2026-09-29T04:34:48Z
599,SAT,1.971621,0.000371,1.98,9,0,2026-09-29T04:34:50Z
600,MEMOUT,907.64,0.0,907.64,7178,3,2026-09-29T04:49:58Z
601,SAT,2.597979,0.000387,2.60,19,0,2026-09-29T04:50:01Z
602,SAT,37.638971,0.000402,37.65,216,0,2026-09-29T04:50:38Z
603,SAT,0.776862,0.000235,0.78,67,0,2026-09-29T04:50:39Z
604,TIMEOUT,1801.04,0.0,1801.04,316,2,2026-09-29T05:20:40Z
605,MEMOUT,742.34,0.0,742.34,7200,3,2026-09-29T05:33:02Z
606,SAT,2.182354,0.000398,2.19,12,0,2026-09-29T05:33:05Z
607,SAT,2.266984,0.000393,2.27,18,0,2026-09-29T05:33:07Z
608,SAT,25.301667,0.000333,25.31,107,0,2026-09-29T05:33:32Z
609,MEMOUT,764.94,0.0,764.94,7174,3,2026-09-29T05:46:17Z
610,SAT,3.127647,0.000372,3.13,12,0,2026-09-29T05:46:20Z
611,SAT,20.672741,0.000339,20.68,140,0,2026-09-29T05:46:41Z
612,SAT,56.195444,0.000249,56.21,182,0,2026-09-29T05:47:37Z
613,SAT,115.296786,0.000236,115.31,250,0,2026-09-29T05:49:33Z
614,SAT,73.209484,0.000349,73.22,180,0,2026-09-29T05:50:46Z
615,SAT,74.964618,0.000236,74.98,205,0,2026-09-29T05:52:01Z
616,SAT,63.443762,0.000373,63.45,100,0,2026-09-29T05:53:05Z
617,MEMOUT,863.24,0.0,863.24,7231,3,2026-09-29T06:07:28Z
618,SAT,2.012010,0.000393,2.02,11,0,2026-09-29T06:07:30Z
619,SAT,0.545139,0.000401,0.55,16,0,2026-09-29T06:07:31Z
620,SAT,1.451874,0.000403,1.46,19,0,2026-09-29T06:07:32Z
621,MEMOUT,747.74,0.0,747.74,7198,3,2026-09-29T06:20:00Z
622,SAT,0.728600,0.000242,0.74,58,0,2026-09-29T06:20:01Z
623,SAT,3.081730,0.000343,3.09,13,0,2026-09-29T06:20:04Z
624,SAT,21.712900,0.000370,21.72,70,0,2026-09-29T06:20:26Z
625,SAT,1.111343,0.000330,1.12,9,0,2026-09-29T06:20:27Z
626,SAT,3.492407,0.000377,3.50,24,0,2026-09-29T06:20:30Z
627,MEMOUT,700.44,0.0,700.44,7208,3,2026-09-29T06:32:11Z
628,SAT,5.273277,0.000381,5.28,33,0,2026-09-29T06:32:16Z
629,SAT,5.226940,0.000392,5.23,33,0,2026-09-29T06:32:21Z
630,SAT,0.348909,0.000346,0.35,16,0,2026-09-29T06:32:22Z
631,SAT,1.748952,0.000443,1.76,17,0,2026-09-29T06:32:24Z
632,SAT,6.278806,0.000452,6.29,28,0,2026-09-29T06:32:30Z
633,MEMOUT,1287.04,0.0,1287.04,7255,3,2026-09-29T06:53:57Z
634,SAT,33.483848,0.000406,33.50,118,0,2026-09-29T06:54:30Z
635,SAT,72.178957,0.000232,72.19,198,0,2026-09-29T06:55:43Z
636,MEMOUT,760.94,0.0,760.94,7197,3,2026-09-29T07:08:24Z
637,SAT,1.317577,0.000448,1.32,18,0,2026-09-29T07:08:25Z
638,SAT,28.378984,0.000407,28.39,109,0,2026-09-29T07:08:53Z
639,MEMOUT,776.24,0.0,776.24,7170,3,2026-09-29T07:21:50Z
640,SAT,4.274147,0.000385,4.28,12,0,2026-09-29T07:21:54Z
641,SAT,1.031763,0.000243,1.04,63,0,2026-09-29T07:21:55Z
642,SAT,4.362737,0.000443,4.37,31,0,2026-09-29T07:21:59Z
643,MEMOUT,905.44,0.0,905.44,7176,3,2026-09-29T07:37:05Z
644,SAT,0.971953,0.000280,0.98,69,0,2026-09-29T07:37:06Z
645,SAT,0.923594,0.000261,0.93,66,0,2026-09-29T07:37:07Z
646,SAT,1.354565,0.000234,1.36,56,0,2026-09-29T07:37:09Z
647,SAT,1.574323,0.000460,1.58,12,0,2026-09-29T07:37:10Z
648,SAT,53.737813,0.000473,53.75,137,0,2026-09-29T07:38:04Z
649,SAT,0.027863,0.000248,0.03,0,0,2026-09-29T07:38:04Z
650,SAT,1.307957,0.000500,1.31,16,0,2026-09-29T07:38:05Z
651,SAT,8.121384,0.000453,8.13,17,0,2026-09-29T07:38:14Z
652,SAT,0.140934,0.000258,0.15,16,0,2026-09-29T07:38:14Z
653,SAT,112.565552,0.000279,112.58,242,0,2026-09-29T07:40:06Z
654,SAT,102.165739,0.000245,102.18,235,0,2026-09-29T07:41:49Z
655,SAT,3.072699,0.000455,3.08,13,0,2026-09-29T07:41:52Z
656,SAT,1.149986,0.000439,1.16,11,0,2026-09-29T07:41:53Z
657,SAT,0.197640,0.000451,0.21,89,0,2026-09-29T07:41:53Z
658,SAT,0.949554,0.000234,0.96,58,0,2026-09-29T07:41:54Z
659,SAT,0.840737,0.000242,0.85,72,0,2026-09-29T07:41:55Z
660,SAT,0.961089,0.000254,0.97,68,0,2026-09-29T07:41:56Z
661,SAT,0.254839,0.000256,0.26,16,0,2026-09-29T07:41:56Z
662,SAT,56.100490,0.000452,56.11,81,0,2026-09-29T07:42:52Z
663,SAT,5.983979,0.000456,5.99,34,0,2026-09-29T07:42:58Z
664,SAT,6.069639,0.000477,6.08,38,0,2026-09-29T07:43:04Z
665,SAT,1.993921,0.000466,2.00,25,0,2026-09-29T07:43:06Z
666,SAT,4.006299,0.000465,4.01,28,0,2026-09-29T07:43:11Z
667,SAT,24.909190,0.000457,24.92,154,0,2026-09-29T07:43:35Z
668,SAT,86.773422,0.000467,86.78,37,0,2026-09-29T07:45:02Z
669,SAT,3.668095,0.000472,3.67,20,0,2026-09-29T07:45:06Z
670,SAT,147.040981,0.000347,147.06,190,0,2026-09-29T07:47:33Z
671,SAT,2.074473,0.000454,2.08,12,0,2026-09-29T07:47:35Z
672,SAT,27.826071,0.000477,27.84,155,0,2026-09-29T07:48:03Z
673,SAT,29.589805,0.000461,29.60,133,0,2026-09-29T07:48:33Z
674,SAT,1.691009,0.000463,1.70,19,0,2026-09-29T07:48:34Z
675,SAT,2.343627,0.000456,2.35,12,0,2026-09-29T07:48:37Z
676,SAT,40.039809,0.000478,40.05,184,0,2026-09-29T07:49:17Z
677,SAT,6.512213,0.000477,6.52,25,0,2026-09-29T07:49:23Z
678,SAT,7.687906,0.000491,7.69,26,0,2026-09-29T07:49:31Z
679,SAT,4.530432,0.000476,4.54,25,0,2026-09-29T07:49:36Z
680,SAT,1.176736,0.000458,1.18,10,0,2026-09-29T07:49:37Z
681,SAT,4.820554,0.000472,4.83,27,0,2026-09-29T07:49:42Z
682,SAT,26.949181,0.000452,26.96,158,0,2026-09-29T07:50:09Z
683,SAT,30.281769,0.000491,30.29,21,0,2026-09-29T07:50:39Z
684,SAT,117.104752,0.000295,117.12,198,0,2026-09-29T07:52:36Z
685,SAT,1.389684,0.000521,1.40,16,0,2026-09-29T07:52:38Z
686,SAT,17.503561,0.000494,17.51,134,0,2026-09-29T07:52:55Z
687,SAT,1.906576,0.000476,1.91,13,0,2026-09-29T07:52:57Z
688,SAT,5.364067,0.000458,5.37,12,0,2026-09-29T07:53:02Z
689,SAT,3.304717,0.000452,3.31,13,0,2026-09-29T07:53:06Z
690,SAT,33.736015,0.000485,33.75,211,0,2026-09-29T07:53:40Z
691,SAT,23.835522,0.000434,23.85,154,0,2026-09-29T07:54:03Z
692,SAT,6.986733,0.000481,6.99,40,0,2026-09-29T07:54:10Z
693,SAT,6.929541,0.000486,6.94,40,0,2026-09-29T07:54:17Z
694,SAT,3.814273,0.000455,3.82,26,0,2026-09-29T07:54:21Z
695,SAT,1.132169,0.000296,1.14,65,0,2026-09-29T07:54:22Z
696,MEMOUT,1059.64,0.0,1059.64,7282,3,2026-09-29T08:12:02Z
697,SAT,2.426001,0.000427,2.43,12,0,2026-09-29T08:12:04Z
698,SAT,2.875561,0.000452,2.88,14,0,2026-09-29T08:12:07Z
699,SAT,4.014393,0.000477,4.02,24,0,2026-09-29T08:12:11Z
700,SAT,1.796285,0.000483,1.80,20,0,2026-09-29T08:12:13Z
